{
    "pxX": 1875,
    "pxY": 2250,
    "WSGLat": 38.209722,
    "WSGLong": -119.007994
}