{
    "pxX": 690,
    "pxY": 1180,
    "WSGLat": 38.214124,
    "WSGLong": -119.014525
}