{
    "leftWGS84Corner": -119.0183278607595,
    "topWGS84Corner": 38.21897854205607,
    "pixelRatioX": 5.511392405064627e-06,
    "pixelRatioY": -4.114018691587291e-06
}